id,title,slug,category,description,cover,images,event_date,location,author,created_at
1,Launching Sekolah Menulis 2024,launching-sekolah-menulis-2024,Kegiatan,"Perpustakaan At-Taklim dengan bangga meluncurkan program ""Sekolah Menulis"" sebagai wadah bagi siswa-siswi MAN 1 Kota Gorontalo untuk mengembangkan bakat literasi dan kepenulisan mereka.

Acara peluncuran dihadiri langsung oleh Kepala Madrasah, Dr. H. Karjianto, M.Pd., yang menyampaikan pentingnya budaya menulis sebagai bagian dari literasi modern. Beliau juga menekankan bahwa menulis adalah cara terbaik untuk mengabadikan gagasan dan pemikiran.

Program ini akan berlangsung selama satu semester dengan mentor dari kalangan guru bahasa dan penulis tamu. Peserta akan dibimbing mulai dari dasar-dasar penulisan kreatif hingga penerbitan karya di media digital maupun cetak.

Antusiasme siswa sangat tinggi — lebih dari 80 siswa mendaftar pada hari pertama pembukaan. Kami berharap program ini menjadi cikal bakal lahirnya penulis-penulis muda berbakat dari Gorontalo.",https://images.unsplash.com/photo-1524995997946-a1c2e315a42f?w=1200&q=80,"[""https://images.unsplash.com/photo-1524995997946-a1c2e315a42f?w=1200&q=80"",""https://images.unsplash.com/photo-1522202176988-66273c2fd55f?w=1200&q=80"",""https://images.unsplash.com/photo-1456513080510-7bf3a84b82f8?w=1200&q=80"",""https://images.unsplash.com/photo-1519682337058-a94d519337bc?w=1200&q=80""]",2024-08-15,Aula MAN 1 Kota Gorontalo,Tim Perpustakaan,2026-10-02 14:56:52.845732+00
2,Pelayanan Harian Perpustakaan,pelayanan-harian-perpustakaan,Pelayanan,"Tim Perpustakaan At-Taklim siap melayani seluruh civitas madrasah setiap hari kerja. Mulai dari peminjaman buku, pengembalian, konsultasi referensi, hingga bantuan penelusuran literatur untuk tugas sekolah.

Kami berkomitmen memberikan pelayanan yang ramah, cepat, dan profesional. Setiap petugas dibekali dengan pengetahuan tentang koleksi perpustakaan dan sistem SLiMS untuk memudahkan penelusuran.

Selain itu, kami juga menyediakan layanan konsultasi bagi siswa yang sedang mengerjakan tugas akhir, karya tulis, atau penelitian sederhana. Jangan ragu untuk bertanya kepada petugas kami!",https://images.unsplash.com/photo-1554224155-6726b3ff858f?w=1200&q=80,"[""https://images.unsplash.com/photo-1554224155-6726b3ff858f?w=1200&q=80"",""https://images.unsplash.com/photo-1521587760476-6c12a4b040da?w=1200&q=80"",""https://images.unsplash.com/photo-1568667256549-094345857637?w=1200&q=80""]",2024-09-10,Ruang Layanan Perpustakaan,Tim Perpustakaan,2026-10-02 14:56:52.845732+00
3,Workshop Literasi Digital,workshop-literasi-digital,Literasi,"Di era digital seperti sekarang, kemampuan menelusuri dan memilah informasi yang valid menjadi keterampilan wajib. Perpustakaan At-Taklim mengadakan Workshop Literasi Digital bagi siswa kelas X dan XI.

Materi yang dibahas meliputi: cara mencari referensi akademik yang kredibel, mengenali hoaks dan informasi palsu, teknik sitasi yang benar, serta pemanfaatan e-library edoo.id untuk pembelajaran.

Workshop berlangsung interaktif dengan sesi praktik langsung menggunakan laptop dan smartphone masing-masing siswa. Peserta diajak langsung menelusuri database jurnal, e-book, dan sumber belajar digital lainnya.",https://images.unsplash.com/photo-1531482615713-2afd69097998?w=1200&q=80,"[""https://images.unsplash.com/photo-1531482615713-2afd69097998?w=1200&q=80"",""https://images.unsplash.com/photo-1542435503-956c469947f6?w=1200&q=80"",""https://images.unsplash.com/photo-1499750310107-5fef28a66643?w=1200&q=80""]",2024-09-25,Lab Komputer MAN 1 Kota Gorontalo,Tim Perpustakaan,2026-10-02 14:56:52.845732+00
4,Penataan Koleksi & Ruang Baca Baru,penataan-koleksi-ruang-baca-baru,Ruang Baca,"Perpustakaan At-Taklim terus berbenah! Kami baru saja menyelesaikan penataan ulang koleksi buku dan renovasi ruang baca agar lebih nyaman dan modern.

Penataan dilakukan dengan sistem klasifikasi Dewey Decimal Classification (DDC) sehingga pengunjung lebih mudah menemukan buku sesuai kategori ilmu. Rak-rak baru juga ditambahkan untuk mengakomodasi koleksi yang terus bertambah.

Ruang baca kini dilengkapi dengan meja baca ergonomis, pencahayaan LED yang hangat, serta area diskusi terpisah agar tidak mengganggu pengunjung yang sedang fokus membaca. Kami juga menambahkan beberapa tanaman hijau untuk menciptakan suasana yang lebih segar dan asri.",https://images.unsplash.com/photo-1507842217343-583bb7270b66?w=1200&q=80,"[""https://images.unsplash.com/photo-1507842217343-583bb7270b66?w=1200&q=80"",""https://images.unsplash.com/photo-1524995997946-a1c2e315a42f?w=1200&q=80"",""https://images.unsplash.com/photo-1481627834876-b7833e8f5570?w=1200&q=80"",""https://images.unsplash.com/photo-1521587760476-6c12a4b040da?w=1200&q=80""]",2024-10-05,Ruang Baca Perpustakaan,Tim Perpustakaan,2026-10-02 14:56:52.845732+00
5,Kunjungan Studi Banding dari MAN 2 Gorontalo,kunjungan-studi-banding-man-2,Kunjungan,"Perpustakaan At-Taklim menerima kunjungan studi banding dari tim perpustakaan MAN 2 Gorontalo. Kunjungan ini bertujuan untuk berbagi pengalaman dalam pengelolaan perpustakaan madrasah berbasis digital.

Dalam pertemuan tersebut, kami memaparkan sistem SLiMS yang kami gunakan, alur kerja layanan, serta program-program literasi yang telah berjalan. Tim MAN 2 Gorontalo juga berbagi praktik baik dari perpustakaan mereka.

Kami berharap kolaborasi antar perpustakaan madrasah di Gorontalo terus terjalin, sehingga kualitas layanan literasi untuk siswa semakin meningkat.",https://images.unsplash.com/photo-1552664730-d307ca884978?w=1200&q=80,"[""https://images.unsplash.com/photo-1552664730-d307ca884978?w=1200&q=80"",""https://images.unsplash.com/photo-1517048676732-d65bc937f952?w=1200&q=80""]",2024-10-18,Ruang Rapat MAN 1 Kota Gorontalo,Tim Perpustakaan,2026-10-02 14:56:52.845732+00
6,"Bedah Buku ""Laskar Pelangi""",bedah-buku-laskar-pelangi,Kegiatan,"Forum Literasi Siswa (FLS) Perpustakaan At-Taklim kembali menggelar acara bedah buku. Kali ini, novel legendaris ""Laskar Pelangi"" karya Andrea Hirata menjadi bahan diskusi utama.

Acara dibuka dengan pembacaan kutipan-kutipan inspiratif dari novel, dilanjutkan dengan diskusi kelompok yang membahas nilai-nilai pendidikan, persahabatan, dan perjuangan meraih mimpi.

Siswa-siswi sangat antusias berbagi pandangan mereka. Beberapa di antaranya mengaitkan kisah Laskar Pelangi dengan pengalaman pribadi mereka dalam menempuh pendidikan di madrasah.

Acara ditutup dengan komitmen bersama untuk menjadikan membaca sebagai kebiasaan harian, bukan sekadar kewajiban sekolah.",https://images.unsplash.com/photo-1512820790803-83ca734da794?w=1200&q=80,"[""https://images.unsplash.com/photo-1512820790803-83ca734da794?w=1200&q=80"",""https://images.unsplash.com/photo-1495446815901-a7297e633e8d?w=1200&q=80"",""https://images.unsplash.com/photo-1476275466078-4007374efbbe?w=1200&q=80""]",2024-11-02,Ruang Baca Perpustakaan,Forum Literasi Siswa,2026-10-02 14:56:52.845732+00